Active?,Code128,Length (in),Width (in),Thickness (in),Wall Thickness (in),Weight (lbs total),Type,Shape,Material,Thread,Quantity (>1),Location,Sub-Location,Purch. Date,Purch. Price (line),Purch. Loc.,Notes,Vendor,Vendor Part #
No,JA000001,5.54,1.5625,0.63,,12,Bar,Rectangular,4140 Pre-Hard,,8,,,2022-08-11,,"bidspotter.com / Equipment Hub - Winder, GA Liquidation","Maybe vice jaws? Marked ""S/A 0106 5.54""",,
No,JA000001,5.71,1.5625,0.8125,,10,Bar,Rectangular,4140 Pre-Hard,,5,,,2022-08-11,,"bidspotter.com / Equipment Hub - Winder, GA Liquidation","Maybe vice jaws? Marked ""S/A 0108 5.71""",,
No,JA000001,5.71,1.5625,0.75,,10.5,Bar,Rectangular,4140 Pre-Hard,,5,,,2022-08-11,,"bidspotter.com / Equipment Hub - Winder, GA Liquidation","Maybe vice jaws? Marked ""S/A 0108 5.71""",,
No,JA000001,5.68,1.5625,0.8125,,6.8,Bar,Rectangular,4140 Pre-Hard,,4,,,2022-08-11,,"bidspotter.com / Equipment Hub - Winder, GA Liquidation","Maybe vice jaws? Marked ""S/A 0107 5.68""",,
,JA000002,22.5,1.25,0.75,,6,Bar,Rectangular,Mystery,,,M1-A,,2022-08-11,,"bidspotter.com / Equipment Hub - Winder, GA Liquidation",,,
,JA000003,23,2,0.75,,9.8,Bar,Rectangular,Mystery,,,M1-A,,2022-08-11,,"bidspotter.com / Equipment Hub - Winder, GA Liquidation",,,
,JA000004,32.75,6,0.5,,27.7,Bar,Rectangular,Mystery,,,M1-A,,2022-08-11,,"bidspotter.com / Equipment Hub - Winder, GA Liquidation",,,
,JA000005,32.625,3,0.375,,10.7,Bar,Rectangular,304 / 304L,,,M1-A,,2022-08-11,,"bidspotter.com / Equipment Hub - Winder, GA Liquidation",,,
,JA000006,24,2.5,0.75,,12.8,Bar,Rectangular,Mystery,,,M1-A,,2022-08-11,,"bidspotter.com / Equipment Hub - Winder, GA Liquidation",,,
,JA000007,25.375,2.5,0.375,,6.7,Bar,Rectangular,Mystery,,,M1-A,,2022-08-11,,"bidspotter.com / Equipment Hub - Winder, GA Liquidation",,,
,JA000008,25.5,2.5,0.375,,6.7,Bar,Rectangular,Mystery,,,M1-A,,2022-08-11,,"bidspotter.com / Equipment Hub - Winder, GA Liquidation",,,
,JA000009,23.5,1.5,0.125,,1.9,Bar,Rectangular,Mystery,,,M1-A,,2022-08-11,,"bidspotter.com / Equipment Hub - Winder, GA Liquidation",,,
,JA000010,25.5,2,0.5,,7.2,Bar,Rectangular,Mystery,,,M1-A,,2022-08-11,,"bidspotter.com / Equipment Hub - Winder, GA Liquidation",,,
,JA000011,22,2,1,,12.3,Bar,Rectangular,Mystery,,,M1-A,,2022-08-11,,"bidspotter.com / Equipment Hub - Winder, GA Liquidation",3 holes drilled in stock,,
,JA000012,25.25,2.5,0.375,,6.6,Bar,Rectangular,Mystery,,,M1-A,,2022-08-11,,"bidspotter.com / Equipment Hub - Winder, GA Liquidation",,,
,JA000013,26,2.5,0.375,,6.8,Bar,Rectangular,Mystery,,,M1-A,,2022-08-11,,"bidspotter.com / Equipment Hub - Winder, GA Liquidation",,,
No,JA000014,19.25,2,1.5,,16.4,Bar,Rectangular,Mystery,,,M1-A,,2022-08-11,,"bidspotter.com / Equipment Hub - Winder, GA Liquidation",concave end; marked 36979,,
,JA000015,15,2,2,0.125,3.5,Tube,Square,Mystery,,,M1-A,Steel Tube 1,2022-08-11,,"bidspotter.com / Equipment Hub - Winder, GA Liquidation",,,
,JA000016,15.5,2,2,0.125,3.9,Tube,Square,Mystery,,,M1-A,Steel Tube 1,2022-08-11,,"bidspotter.com / Equipment Hub - Winder, GA Liquidation",,,
,JA000017,15.5,2,2,0.125,3.7,Tube,Square,Mystery,,,M1-A,Steel Tube 1,2022-08-11,,"bidspotter.com / Equipment Hub - Winder, GA Liquidation",,,
No,JA000018,19.25,6,0.25,,8.2,Bar,Rectangular,Mystery,,,M1-A,,2022-08-11,,"bidspotter.com / Equipment Hub - Winder, GA Liquidation",Maybe stainless?,,
,JA000018,5.1,6,0.25,,8.2,Bar,Rectangular,Mystery,,,M1-A,,2022-08-11,,"bidspotter.com / Equipment Hub - Winder, GA Liquidation",Maybe stainless?,,
,JA000019,15.4375,4,0.5,,8.6,Bar,Rectangular,Mystery,,,M1-A,,2022-08-11,,"bidspotter.com / Equipment Hub - Winder, GA Liquidation",,,
,JA000020,15.5,3,0.5,,6.4,Bar,Rectangular,Mystery,,,M1-A,,2022-08-11,,"bidspotter.com / Equipment Hub - Winder, GA Liquidation",Step milled in to one side,,
,JA000021,16.125,3.5,0.5,,7.9,Bar,Rectangular,Mystery,,,M1-A,,2022-08-11,,"bidspotter.com / Equipment Hub - Winder, GA Liquidation",,,
,JA000022,15.1875,3,0.3825,,4.7,Bar,Rectangular,Mystery,,,M1-A,,2022-08-11,,"bidspotter.com / Equipment Hub - Winder, GA Liquidation",,,
,JA000023,19.625,4,0.5,,11,Bar,Rectangular,Mystery,,,M1-A,,2022-08-11,,"bidspotter.com / Equipment Hub - Winder, GA Liquidation",,,
,JA000024,13.5,4.25,0.37,,6,Bar,Rectangular,Mystery,,,M1-A,,2022-08-11,,"bidspotter.com / Equipment Hub - Winder, GA Liquidation",,,
,JA000025,11.875,4.5,0.5,,7.6,Bar,Rectangular,Mystery,,,M1-A,,2022-08-11,,"bidspotter.com / Equipment Hub - Winder, GA Liquidation",,,
,JA000026,25.5,2.5,0.37,,6.7,Bar,Rectangular,Mystery,,,M1-A,,2022-08-11,,"bidspotter.com / Equipment Hub - Winder, GA Liquidation",,,
,JA000027,15,2,2,0.115,3.5,Tube,Square,Mystery,,,M1-A,Steel Tube 1,2022-08-11,,"bidspotter.com / Equipment Hub - Winder, GA Liquidation",,,
,JA000028,11.5,2.5,2.5,0.24,6.7,Tube,Square,Mystery,,,M1-A,Steel Tube 1,2022-08-11,,"bidspotter.com / Equipment Hub - Winder, GA Liquidation",,,
,JA000029,19.875,1.75,1.75,0.1,3.7,Tube,Square,Mystery,,,M1-A,Steel Tube 1,2022-08-11,,"bidspotter.com / Equipment Hub - Winder, GA Liquidation",,,
,JA000030,23.5,1.25,1.25,0.115,3.4,Tube,Square,Mystery,,,M1-A,Steel Tube 1,2022-08-11,,"bidspotter.com / Equipment Hub - Winder, GA Liquidation",,,
,JA000031,19.375,3,3,0.25,13.9,Tube,Square,Mystery,,,M1-A,Steel Tube 1,2022-08-11,,"bidspotter.com / Equipment Hub - Winder, GA Liquidation",,,
,JA000032,11.125,4,4,0.25,10.8,Tube,Square,A500,,,M1-A,Steel Tube 1,2022-08-11,,"bidspotter.com / Equipment Hub - Winder, GA Liquidation",,,
,JA000033,11.625,3,3,0.14,4.4,Tube,Square,Mystery,,,M1-A,Steel Tube 1,2022-08-11,,"bidspotter.com / Equipment Hub - Winder, GA Liquidation",,,
,JA000034,10.5,2,2,0.12,2.4,Tube,Square,Mystery,,,M1-A,Steel Tube 1,2022-08-11,,"bidspotter.com / Equipment Hub - Winder, GA Liquidation",,,
,JA000035,24,2,2,0.08,4,Tube,Square,Mystery,,,M1-A,Steel Tube 1,2022-08-11,,"bidspotter.com / Equipment Hub - Winder, GA Liquidation",Triangular tab welded to one end,,
,JA000036,18.5,2,2,0.238,9.7,Tube,Square,Mystery,,,M1-A,Steel Tube 1,2022-08-11,,"bidspotter.com / Equipment Hub - Winder, GA Liquidation","""L"" welded to one end",,
,JA000037,16.25,2,1.5,,13.9,Bar,Rectangular,Mystery,,,M1-A,Steel Bar 1,2022-08-11,,"bidspotter.com / Equipment Hub - Winder, GA Liquidation",,,
,JA000038,10.875,1.5,1.5,,6.9,Bar,Rectangular,Mystery,,,M1-A,Steel Bar 1,2022-08-11,,"bidspotter.com / Equipment Hub - Winder, GA Liquidation",,,
,JA000039,17,1,1,,4.9,Bar,Rectangular,Mystery,,,M1-A,Steel Bar 1,2022-08-11,,"bidspotter.com / Equipment Hub - Winder, GA Liquidation",,,
,JA000040,16,1.5,0.75,,5.1,Bar,Rectangular,Mystery,,,M1-A,Steel Bar 1,2022-08-11,,"bidspotter.com / Equipment Hub - Winder, GA Liquidation",,,
,JA000041,12,3,0.75,,7.7,Bar,Rectangular,Mystery,,,M1-B,Steel Plate 1,2022-08-11,,"bidspotter.com / Equipment Hub - Winder, GA Liquidation",,,
,JA000042,11.5,1.5,0.75,,3.6,Bar,Rectangular,Mystery,,,M1-A,Steel Bar 1,2022-08-11,,"bidspotter.com / Equipment Hub - Winder, GA Liquidation",,,
,JA000043,10.625,5,0.5,,7.3,Bar,Rectangular,Mystery,,,M1-B,Steel Plate 1,2022-08-11,,"bidspotter.com / Equipment Hub - Winder, GA Liquidation",,,
,JA000044,7.375,5.5,0.75,,8.6,Bar,Rectangular,Mystery,,,M1-B,Steel Chunks 1,2022-08-11,,"bidspotter.com / Equipment Hub - Winder, GA Liquidation",,,
,JA000045,9.75,6,0.75,,12.3,Bar,Rectangular,Mystery,,,M1-B,Steel Plate 1,2022-08-11,,"bidspotter.com / Equipment Hub - Winder, GA Liquidation",,,
No,JA000046,12.25,3.75,0.125,,0.6,Bar,Rectangular,Aluminum,,,,,2022-08-11,,"bidspotter.com / Equipment Hub - Winder, GA Liquidation",,,
No,JA000046,8.5,3.75,0.125,,0.2,Bar,Rectangular,Aluminum,,,M1-C,Aluminum 1,2022-08-11,,"bidspotter.com / Equipment Hub - Winder, GA Liquidation",,,
No,JA000046,5.25,3.75,0.125,,,Bar,Rectangular,Aluminum,,,M1-C,Aluminum 1,2022-08-11,,"bidspotter.com / Equipment Hub - Winder, GA Liquidation",,,
,JA000047,11.75,4,0.37,,4.9,Bar,Rectangular,Mystery,,,M1-B,Steel Plate 1,2022-08-11,,"bidspotter.com / Equipment Hub - Winder, GA Liquidation",,,
,JA000048,12.75,4,0.375,,5.2,Bar,Rectangular,Mystery,,,M1-B,Steel Plate 1,2022-08-11,,"bidspotter.com / Equipment Hub - Winder, GA Liquidation",,,
,JA000049,11.375,7.5,1.25,,30.2,Bar,Rectangular,Mystery,,,M1-A,,2022-08-11,,"bidspotter.com / Equipment Hub - Winder, GA Liquidation",Built up with tack welded pieces,,
,JA000050,8.125,6,0.5,,6.7,Bar,Rectangular,Mystery,,,M1-B,Steel Plate 2,2022-08-11,,"bidspotter.com / Equipment Hub - Winder, GA Liquidation",,,
,JA000051,12.75,7.75,0.5,,14.2,Bar,Rectangular,Mystery,,,M1-A,,2022-08-11,,"bidspotter.com / Equipment Hub - Winder, GA Liquidation",,,
,JA000052,12,10,0.5,,16.6,Bar,Rectangular,Mystery,,,M1-A,,2022-08-11,,"bidspotter.com / Equipment Hub - Winder, GA Liquidation",,,
,JA000053,15.625,2.245,0.802,,7.9,Bar,Rectangular,CRS mystery?,,,M1-A,Steel Bar 1,2022-08-11,,"bidspotter.com / Equipment Hub - Winder, GA Liquidation",Looks like cold rolled with some sort of precision finish?,,
,JA000054,8.5,4,0.25,,2.3,Bar,Rectangular,Mystery,,,M1-B,Steel Plate 2,2022-08-11,,"bidspotter.com / Equipment Hub - Winder, GA Liquidation",,,
,JA000055,11.375,4,0.25,,3.2,Bar,Rectangular,Mystery,,,M1-B,Steel Plate 1,2022-08-11,,"bidspotter.com / Equipment Hub - Winder, GA Liquidation",,,
,JA000056,9.375,6,0.5,,7.8,Bar,Rectangular,Mystery,,,M1-A,,2022-08-11,,"bidspotter.com / Equipment Hub - Winder, GA Liquidation",,,
,JA000057,7.75,5,0.5,,5.5,Bar,Rectangular,Mystery,,,,,2022-08-11,,"bidspotter.com / Equipment Hub - Winder, GA Liquidation",,,
,JA000058,8,3.5,0.75,,5.8,Bar,Rectangular,Mystery,,,M1-B,Steel Chunks 1,2022-08-11,,"bidspotter.com / Equipment Hub - Winder, GA Liquidation",,,
,JA000059,18.875,3,0.25,,3.9,Bar,Rectangular,Mystery,,,M1-A,,2022-08-11,,"bidspotter.com / Equipment Hub - Winder, GA Liquidation",,,
,JA000060,12,1.25,0.5,,2.1,Bar,Rectangular,Mystery,,,M1-A,Steel Bar 1,2022-08-11,,"bidspotter.com / Equipment Hub - Winder, GA Liquidation",,,
,JA000061,15,1.25,0.75,,4,Bar,Rectangular,Mystery,,,M1-A,Steel Bar 1,2022-08-11,,"bidspotter.com / Equipment Hub - Winder, GA Liquidation",,,
,JA000062,12,2.5,0.5,,4.2,Bar,Rectangular,Mystery,,,M1-B,Steel Plate 1,2022-08-11,,"bidspotter.com / Equipment Hub - Winder, GA Liquidation",Step milled in one side,,
,JA000063,13.5,2,1,,2.8,Bar,Rectangular,Aluminum,,,M1-C,Aluminum 1,2022-08-11,,"bidspotter.com / Equipment Hub - Winder, GA Liquidation","Marked ""Center Metals Manifold Thunder Bar""",,
,JA000064,11.5,3,0.375,,3.6,Bar,Rectangular,Mystery,,,M1-B,Steel Plate 1,2022-08-11,,"bidspotter.com / Equipment Hub - Winder, GA Liquidation",,,
,JA000065,14.875,3.5,0.25,,1.3,Bar,Rectangular,Aluminum,,,M1-C,Aluminum 1,2022-08-11,,"bidspotter.com / Equipment Hub - Winder, GA Liquidation",,,
,JA000066,6.75,3,0.75,,4.3,Bar,Rectangular,Mystery,,,M1-B,Steel Plate 2,2022-08-11,,"bidspotter.com / Equipment Hub - Winder, GA Liquidation",,,
,JA000067,6.5,3.5,0.5,,3.2,Bar,Rectangular,Mystery,,,M1-B,Steel Plate 2,2022-08-11,,"bidspotter.com / Equipment Hub - Winder, GA Liquidation",,,
,JA000068,7.625,4,0.365,,3.2,Bar,Rectangular,Mystery,,,M1-B,Steel Plate 2,2022-08-11,,"bidspotter.com / Equipment Hub - Winder, GA Liquidation",,,
,JA000069,7.125,3,0.25,,1.5,Bar,Rectangular,Mystery,,,M1-B,Steel Plate 2,2022-08-11,,"bidspotter.com / Equipment Hub - Winder, GA Liquidation",,,
,JA000070,6,3.875,0.5,,3.3,Bar,Rectangular,Mystery,,,M1-B,Steel Plate 2,2022-08-11,,"bidspotter.com / Equipment Hub - Winder, GA Liquidation",,,
,JA000071,7.25,2.5,0.5,,2.5,Bar,Rectangular,Mystery,,,M1-B,Steel Plate 2,2022-08-11,,"bidspotter.com / Equipment Hub - Winder, GA Liquidation",,,
,JA000072,4.75,4,0.5,,2.6,Bar,Rectangular,Mystery,,,M1-B,Steel Plate 2,2022-08-11,,"bidspotter.com / Equipment Hub - Winder, GA Liquidation",,,
,JA000073,4,4,0.375,,1.7,Bar,Rectangular,Mystery,,,M1-B,Steel Plate 2,2022-08-11,,"bidspotter.com / Equipment Hub - Winder, GA Liquidation",,,
,JA000074,5,3,0.375,,1.5,Bar,Rectangular,Mystery,,,M1-B,Stainless 1,2022-08-11,,"bidspotter.com / Equipment Hub - Winder, GA Liquidation",,,
,JA000075,5.25,5,0.375,,2.8,Bar,Rectangular,Mystery,,,M1-B,Steel Plate 2,2022-08-11,,"bidspotter.com / Equipment Hub - Winder, GA Liquidation",Rounded edge,,
,JA000076,6,3.75,0.5,,3.2,Bar,Rectangular,Mystery,,,M1-B,Steel Plate 2,2022-08-11,,"bidspotter.com / Equipment Hub - Winder, GA Liquidation",,,
,JA000077,9.5,3.75,0.375,,3.7,Bar,Rectangular,Mystery,,,M1-B,Steel Plate 2,2022-08-11,,"bidspotter.com / Equipment Hub - Winder, GA Liquidation",,,
,JA000078,7.25,5,0.5,,5.2,Bar,Rectangular,Mystery,,,M1-B,Steel Plate 2,2022-08-11,,"bidspotter.com / Equipment Hub - Winder, GA Liquidation",,,
,JA000079,8.125,4,0.5,,4.4,Bar,Rectangular,Mystery,,,M1-B,Steel Plate 2,2022-08-11,,"bidspotter.com / Equipment Hub - Winder, GA Liquidation",,,
,JA000080,6.5,3.375,0.5,,3.1,Bar,Rectangular,Mystery,,,M1-B,Steel Plate 2,2022-08-11,,"bidspotter.com / Equipment Hub - Winder, GA Liquidation",,,
,JA000081,23,3,3,0.2,7.2,Angle,Rectangular,Mystery,,,M1-A,,2022-08-11,,"bidspotter.com / Equipment Hub - Winder, GA Liquidation",,,
,JA000082,8.75,3,4,0.5,8,Angle,Rectangular,HR A36,,,M1-B,Steel Angle 1,2022-08-11,,"bidspotter.com / Equipment Hub - Winder, GA Liquidation",,,
,JA000083,17.5,3,3,0.25,7.3,Angle,Rectangular,A36 ?,,,M1-B,Steel Angle 1,2022-08-11,,"bidspotter.com / Equipment Hub - Winder, GA Liquidation",,,
,JA000084,14.25,3,4,0.25,6.9,Angle,Rectangular,Mystery,,,M1-B,Steel Angle 1,2022-08-11,,"bidspotter.com / Equipment Hub - Winder, GA Liquidation",,,
,JA000085,11.625,2,2,0.25,3,Angle,Rectangular,Mystery,,,M1-B,Steel Angle 1,2022-08-11,,"bidspotter.com / Equipment Hub - Winder, GA Liquidation",,,
No,JA000086,22.25,2,,0.25,8.8,Tube,Round,Mystery,,,,,2022-08-11,,"bidspotter.com / Equipment Hub - Winder, GA Liquidation",,,
,JA000086,18.5,2,,0.25,7.3,Tube,Round,Mystery,,,M1-A,Steel Tube 1,2022-08-11,,"bidspotter.com / Equipment Hub - Winder, GA Liquidation",,,
,JA000087,19.75,0.863,,0.11,1.3,Tube,Round,A53,,,M1-A,Steel Tube 1,2022-08-11,,"bidspotter.com / Equipment Hub - Winder, GA Liquidation",,,
No,JA000088,24.75,1,1,0.125,1.1,Tube,Square,Aluminum,,,,,2022-08-11,,"bidspotter.com / Equipment Hub - Winder, GA Liquidation",Quite rough; weld tabs on both ends,,
,JA000088,22.625,1,1,0.125,1.1,Tube,Square,Aluminum,,,M1-C,Aluminum 1,2022-08-11,,"bidspotter.com / Equipment Hub - Winder, GA Liquidation",Quite rough; weld tabs on both ends,,
No,JA000089,19.5,1.5,,,9.8,Bar,Round,Mystery,,,,,2022-08-11,,"bidspotter.com / Equipment Hub - Winder, GA Liquidation",,,
,JA000089,14.3125,1.5,,,7.2,Bar,Round,Mystery,,,M1-A,Steel Bar 1,2022-08-11,,"bidspotter.com / Equipment Hub - Winder, GA Liquidation",95% sure this is drill rod; 40-45RC; Tried to turn and face 2 pieces on 2022-09-05 and just couldn't get a good surface finish on mini lathe,,
,JA000225,2.625,1.5,,,1.3,Bar,Round,Mystery,,,M1-B,Steel Chunks 2,2022-08-11,,"bidspotter.com / Equipment Hub - Winder, GA Liquidation",Chunk of JA000089,,
,JA000224,2.25,1.25,,,1,Bar,Round,Mystery,,,M1-B,Steel Chunks 2,2022-08-11,,"bidspotter.com / Equipment Hub - Winder, GA Liquidation","Chunk of JA000089 that was faced and turned to a shoulder as a test for this material. Minor OD is ~1.25"" and major is original.",,
,JA000090,14.5,0.75,,,1.9,Bar,Round,Mystery,,,M1-A,Steel Bar 1,2022-08-11,,"bidspotter.com / Equipment Hub - Winder, GA Liquidation","Looks like the same as JA000089; 40-45RC, probably drill rod",,
No,JA000091,26.126,0.75,,,3.3,Bar,Round,Mystery,,,,,2022-08-11,,"bidspotter.com / Equipment Hub - Winder, GA Liquidation",,,
,JA000091,13.125,0.75,,,1.7,Bar,Round,Mystery,,,M1-A,Steel Bar 1,2022-08-11,,"bidspotter.com / Equipment Hub - Winder, GA Liquidation","Definitely drill rod, 40-45RC. Tried drilling a hole in it and just ended up dulling the drill.",,
,JA000092,24,0.75,,,3.1,Bar,Round,Mystery,,,M1-A,,2022-08-11,,"bidspotter.com / Equipment Hub - Winder, GA Liquidation",,,
,JA000093,33.875,0.7,,,3.9,Bar,Round,Mystery,,,M1-A,,2022-08-11,,"bidspotter.com / Equipment Hub - Winder, GA Liquidation",,,
,JA000094,20.375,2,0.25,,1,Bar,Rectangular,Aluminum,,,M1-C,Aluminum 1,2022-08-11,,"bidspotter.com / Equipment Hub - Winder, GA Liquidation",,,
,JA000095,0.95,6,,,7.9,Bar,Round,Mystery,,,M1-A,,2022-08-11,,"bidspotter.com / Equipment Hub - Winder, GA Liquidation",,,
,JA000096,3.875,4,,,13.8,Bar,Round,Mystery,,,M1-A,,2022-08-11,,"bidspotter.com / Equipment Hub - Winder, GA Liquidation",,,
,JA000097,4.25,3.375,,,13.8,Bar,Round,Mystery,,,M1-A,,2022-08-11,,"bidspotter.com / Equipment Hub - Winder, GA Liquidation","Turned down with a step; full OD 4""",,
,JA000098,19.125,0.875,0.5,,2.3,Bar,Rectangular,Mystery,,,M1-A,,2022-08-11,,"bidspotter.com / Equipment Hub - Winder, GA Liquidation",,,
,JA000099,14.25,1.5,0.25,,1.5,Bar,Rectangular,Stainless?,,,M1-B,Stainless 1,2022-08-11,,"bidspotter.com / Equipment Hub - Winder, GA Liquidation",,,
,JA000100,13.75,1.25,0.25,,1.4,Bar,Rectangular,Stainless?,,,M1-B,Stainless 1,2022-08-11,,"bidspotter.com / Equipment Hub - Winder, GA Liquidation",,,
,JA000101,20.125,1.5,0.185,,1.5,Bar,Rectangular,Mystery,,,M1-A,,2022-08-11,,"bidspotter.com / Equipment Hub - Winder, GA Liquidation",,,
,JA000114,15.625,0.75,0.25,,0.9,Bar,Rectangular,Mystery,,,M1-A,Steel Bar 1,2022-08-11,,"bidspotter.com / Equipment Hub - Winder, GA Liquidation",,,
,JA000113,10,3,0.25,,2.2,Bar,Rectangular,Stainless?,,,M1-B,Stainless 1,2022-08-11,,"bidspotter.com / Equipment Hub - Winder, GA Liquidation",,,
,JA000112,10,3.125,0.11,,1,Bar,Rectangular,Mystery,,,M1-B,Steel Plate 2,2022-08-11,,"bidspotter.com / Equipment Hub - Winder, GA Liquidation",,,
,JA000106,10.625,1.5,0.185,,0.8,Bar,Rectangular,Mystery,,,M1-B,Steel Plate 1,2022-08-11,,"bidspotter.com / Equipment Hub - Winder, GA Liquidation",,,
,JA000104,12.125,1,0.38,,1.3,Bar,Rectangular,Mystery,,,M1-A,Steel Bar 1,2022-08-11,,"bidspotter.com / Equipment Hub - Winder, GA Liquidation",,,
,JA000107,11.5,2,0.25,,1.7,Bar,Rectangular,CRS mystery?,,,M1-B,Steel Plate 1,2022-08-11,,"bidspotter.com / Equipment Hub - Winder, GA Liquidation",,,
,JA000102,15.75,1.25,0.25,,1.3,Bar,Rectangular,Stainless?,,,M1-B,Stainless 1,2022-08-11,,"bidspotter.com / Equipment Hub - Winder, GA Liquidation",,,
,JA000105,12.875,1.25,0.5,,2.3,Bar,Rectangular,Mystery,,,M1-A,Steel Bar 1,2022-08-11,,"bidspotter.com / Equipment Hub - Winder, GA Liquidation",,,
No,JA000108,18.1875,0.75,0.5,,2,Bar,Rectangular,Mystery,,,M1-A,Steel Bar 1,2022-08-11,,"bidspotter.com / Equipment Hub - Winder, GA Liquidation",,,
,JA000108,15.075,0.75,0.5,,,Bar,Rectangular,Mystery,,,M1-A,Steel Bar 1,2022-08-11,,"bidspotter.com / Equipment Hub - Winder, GA Liquidation",,,
,JA000109,17.875,0.75,0.5,,1.9,Bar,Rectangular,Mystery,,,M1-A,Steel Bar 1,2022-08-11,,"bidspotter.com / Equipment Hub - Winder, GA Liquidation",,,
,JA000110,17.875,0.75,0.5,,1.9,Bar,Rectangular,Mystery,,,M1-A,Steel Bar 1,2022-08-11,,"bidspotter.com / Equipment Hub - Winder, GA Liquidation",,,
,JA000111,17.9375,0.75,0.5,,1.9,Bar,Rectangular,Mystery,,,M1-A,Steel Bar 1,2022-08-11,,"bidspotter.com / Equipment Hub - Winder, GA Liquidation",,,
,JA000103,10,2,0.75,,4.3,Bar,Rectangular,Stainless?,,,M1-B,Stainless 1,2022-08-11,,"bidspotter.com / Equipment Hub - Winder, GA Liquidation",,,
,JA000177,4.875,1,0.5,,0.7,Bar,Rectangular,Mystery,,,M1-B,Steel Chunks 2,2022-08-11,,"bidspotter.com / Equipment Hub - Winder, GA Liquidation",Milled sharp hook on one end,,
,JA000176,8.25,1.5,0.25,,0.9,Bar,Rectangular,Mystery,,,M1-B,Steel Chunks 1,2022-08-11,,"bidspotter.com / Equipment Hub - Winder, GA Liquidation",,,
,JA000173,5.5,2,0.5,,1.5,Bar,Rectangular,Mystery,,,M1-B,Steel Chunks 2,2022-08-11,,"bidspotter.com / Equipment Hub - Winder, GA Liquidation",,,
,JA000172,9.25,2.25,0.5,,3,Bar,Rectangular,Mystery,,,M1-B,Steel Chunks 1,2022-08-11,,"bidspotter.com / Equipment Hub - Winder, GA Liquidation",,,
,JA000175,8.375,1.25,0.5,,1.4,Bar,Rectangular,Mystery,,,M1-A,Steel Bar 1,2022-08-11,,"bidspotter.com / Equipment Hub - Winder, GA Liquidation",,,
,JA000145,4,3.875,1,,4.4,Bar,Rectangular,Mystery,,,M1-B,Steel Chunks 2,2022-08-11,,"bidspotter.com / Equipment Hub - Winder, GA Liquidation",,,
,JA000144,4,3.875,1,,4.4,Bar,Rectangular,Mystery,,,M1-B,Steel Chunks 2,2022-08-11,,"bidspotter.com / Equipment Hub - Winder, GA Liquidation",,,
,JA000143,4,4,1,,4.6,Bar,Rectangular,Mystery,,,M1-B,Steel Chunks 2,2022-08-11,,"bidspotter.com / Equipment Hub - Winder, GA Liquidation",,,
,JA000142,4,4.4375,1.25,,6.6,Bar,Rectangular,Mystery,,,M1-B,Steel Chunks 2,2022-08-11,,"bidspotter.com / Equipment Hub - Winder, GA Liquidation",Slot cut in one end; dimensions exclude material past slot,,
,JA000141,4,3.875,1,,4.4,Bar,Rectangular,Mystery,,,M1-B,Steel Chunks 1,2022-08-11,,"bidspotter.com / Equipment Hub - Winder, GA Liquidation",,,
,JA000140,4.25,3.375,2,,7.8,Bar,Rectangular,Mystery,,,M1-B,Steel Chunks 2,2022-08-11,,"bidspotter.com / Equipment Hub - Winder, GA Liquidation",Large hole drilled in one corner,,
,JA000149,4.125,2,1,,2.3,Bar,Rectangular,Mystery,,,M1-B,Steel Chunks 1,2022-08-11,,"bidspotter.com / Equipment Hub - Winder, GA Liquidation",,,
,JA000148,5,2.5,0.75,,2.6,Bar,Rectangular,Mystery,,,M1-B,Steel Chunks 2,2022-08-11,,"bidspotter.com / Equipment Hub - Winder, GA Liquidation",,,
,JA000147,4.5,3.25,0.75,,3,Bar,Rectangular,Mystery,,,M1-B,Steel Chunks 2,2022-08-11,,"bidspotter.com / Equipment Hub - Winder, GA Liquidation",,,
,JA000146,4.25,3.25,0.75,,3,Bar,Rectangular,Mystery,,,M1-B,Steel Chunks 2,2022-08-11,,"bidspotter.com / Equipment Hub - Winder, GA Liquidation",One rounded corner,,
,JA000135,3.5,2.25,0.313,,0.7,Bar,Rectangular,Mystery,,,M1-B,Steel Plate 2,2022-08-11,,"bidspotter.com / Equipment Hub - Winder, GA Liquidation",,,
,JA000134,2.875,2.25,1,,1.9,Bar,Rectangular,Mystery,,,M1-B,Steel Chunks 2,2022-08-11,,"bidspotter.com / Equipment Hub - Winder, GA Liquidation",,,
,JA000138,2.75,2.5,1.5,,3,Bar,Rectangular,Mystery,,,M1-B,Steel Chunks 2,2022-08-11,,"bidspotter.com / Equipment Hub - Winder, GA Liquidation",,,
,JA000137,2.5,1.625,0.75,,0.9,Bar,Rectangular,Mystery,,,M1-B,Steel Chunks 2,2022-08-11,,"bidspotter.com / Equipment Hub - Winder, GA Liquidation",,,
,JA000136,1.625,1.5,1.5,,1.1,Bar,Rectangular,Mystery,,,M1-B,Steel Chunks 1,2022-08-11,,"bidspotter.com / Equipment Hub - Winder, GA Liquidation",,,
,JA000174,7.25,1.5,0.5,,1.5,Bar,Rectangular,Mystery,,,M1-B,Steel Chunks 2,2022-08-11,,"bidspotter.com / Equipment Hub - Winder, GA Liquidation",,,
,JA000167,6.125,1.5,0.75,,2,Bar,Rectangular,Mystery,,,M1-B,Steel Chunks 1,2022-08-11,,"bidspotter.com / Equipment Hub - Winder, GA Liquidation",,,
,JA000166,6,1.5,0.75,,1.9,Bar,Rectangular,Mystery,,,M1-B,Steel Chunks 1,2022-08-11,,"bidspotter.com / Equipment Hub - Winder, GA Liquidation",,,
,JA000165,6.66,1.75,0.625,,2.1,Bar,Rectangular,Mystery,,,Arbor Press,Steel Chunks 2,2022-08-11,,"bidspotter.com / Equipment Hub - Winder, GA Liquidation",,,
No,JA000164,6.25,2,0.375,,1.3,Bar,Rectangular,Mystery,,,M1-B,Steel Plate 1,2022-08-11,,"bidspotter.com / Equipment Hub - Winder, GA Liquidation",,,
,JA000164,2.725,2,0.375,,,Bar,Rectangular,Mystery,,,M1-B,Steel Plate 1,2022-08-11,,"bidspotter.com / Equipment Hub - Winder, GA Liquidation",,,
,JA000163,8.375,1.25,0.5,,1.4,Bar,Rectangular,Mystery,,,M1-A,Steel Bar 1,2022-08-11,,"bidspotter.com / Equipment Hub - Winder, GA Liquidation",,,
,JA000121,9.25,0.75,0.75,,1.4,Bar,Rectangular,4140,,,M1-A,Steel Bar 1,2022-08-11,,"bidspotter.com / Equipment Hub - Winder, GA Liquidation",,,
,JA000122,9.625,0.75,0.75,,1.5,Bar,Rectangular,4140 ?,,,M1-A,Steel Bar 1,2022-08-11,,"bidspotter.com / Equipment Hub - Winder, GA Liquidation",,,
,JA000124,8,0.75,0.75,,1.2,Bar,Rectangular,Mystery,,,M1-B,Steel Chunks 2,2022-08-11,,"bidspotter.com / Equipment Hub - Winder, GA Liquidation",,,
,JA000123,8,0.75,0.75,,1.2,Bar,Rectangular,Mystery,,,M1-A,Steel Bar 1,2022-08-11,,"bidspotter.com / Equipment Hub - Winder, GA Liquidation",,,
,JA000129,10.875,0.5,0.5,,0.8,Bar,Rectangular,Mystery,,,M1-A,Steel Bar 1,2022-08-11,,"bidspotter.com / Equipment Hub - Winder, GA Liquidation",,,
,JA000127,12.875,0.5,0.125,,0.3,Bar,Rectangular,Mystery,,,M1-A,Steel Bar 1,2022-08-11,,"bidspotter.com / Equipment Hub - Winder, GA Liquidation",,,
,JA000128,12.625,0.75,0.25,,0.6,Bar,Rectangular,Stainless?,,,M1-B,Stainless 1,2022-08-11,,"bidspotter.com / Equipment Hub - Winder, GA Liquidation",,,
,JA000126,12.125,1,0.125,,0.4,Bar,Rectangular,T-304L,,,M1-B,Stainless 1,2022-08-11,,"bidspotter.com / Equipment Hub - Winder, GA Liquidation",,,
,JA000125,12.25,1,0.125,,0.4,Bar,Rectangular,T-304L,,,M1-B,Stainless 1,2022-08-11,,"bidspotter.com / Equipment Hub - Winder, GA Liquidation",,,
,JA000162,5.875,1.5,0.75,,1.9,Bar,Rectangular,Mystery,,,M1-B,Steel Chunks 1,2022-08-11,,"bidspotter.com / Equipment Hub - Winder, GA Liquidation",,,
,JA000153,5.5,1.5,0.75,,1.8,Bar,Rectangular,Mystery,,,M1-B,Steel Chunks 1,2022-08-11,,"bidspotter.com / Equipment Hub - Winder, GA Liquidation",,,
,JA000152,5.25,1.75,0.25,,0.7,Bar,Rectangular,Mystery,,,M1-B,Steel Plate 2,2022-08-11,,"bidspotter.com / Equipment Hub - Winder, GA Liquidation",,,
,JA000151,5.25,1.75,0.25,,0.7,Bar,Rectangular,Mystery,,,M1-B,Steel Plate 1,2022-08-11,,"bidspotter.com / Equipment Hub - Winder, GA Liquidation",,,
,JA000168,5.5,1.25,0.5,,1,Bar,Rectangular,Mystery,,,M1-B,Steel Chunks 2,2022-08-11,,"bidspotter.com / Equipment Hub - Winder, GA Liquidation",,,
,JA000169,6.875,1.75,0.625,,2.1,Bar,Rectangular,Mystery,,,Arbor Press,Steel Chunks 2,2022-08-11,,"bidspotter.com / Equipment Hub - Winder, GA Liquidation",,,
,JA000171,6.625,1,0.5,,0.9,Bar,Rectangular,Mystery,,,M1-B,Steel Chunks 2,2022-08-11,,"bidspotter.com / Equipment Hub - Winder, GA Liquidation",,,
,JA000170,6.875,1.25,0.25,,0.4,Bar,Rectangular,Mystery,,,M1-B,Steel Chunks 2,2022-08-11,,"bidspotter.com / Equipment Hub - Winder, GA Liquidation",,,
,JA000161,6.25,1,0.5,,0.9,Bar,Rectangular,Mystery,,,M1-B,Steel Chunks 2,2022-08-11,,"bidspotter.com / Equipment Hub - Winder, GA Liquidation",,,
,JA000160,6.625,1,0.375,,0.8,Bar,Rectangular,Mystery,,,M1-B,Steel Chunks 2,2022-08-11,,"bidspotter.com / Equipment Hub - Winder, GA Liquidation",,,
,JA000159,5.375,1.25,0.5,,0.9,Bar,Rectangular,Mystery,,,M1-B,Steel Chunks 1,2022-08-11,,"bidspotter.com / Equipment Hub - Winder, GA Liquidation",,,
,JA000158,4.625,1.25,0.5,,1,Bar,Rectangular,Mystery,,,M1-B,Steel Chunks 1,2022-08-11,,"bidspotter.com / Equipment Hub - Winder, GA Liquidation",,,
No,JA000157,4.75,1,0.5,,0.7,Bar,Rectangular,Mystery,,,M1-B,Steel Chunks 1,2022-08-11,,"bidspotter.com / Equipment Hub - Winder, GA Liquidation",Drilled a few holes in it; in scrap bin now,,
,JA000156,4.75,1.25,0.5,,0.7,Bar,Rectangular,Mystery,,,M1-B,Steel Chunks 1,2022-08-11,,"bidspotter.com / Equipment Hub - Winder, GA Liquidation",,,
,JA000155,5,1,0.5,,0.7,Bar,Rectangular,Mystery,,,M1-B,Steel Chunks 1,2022-08-11,,"bidspotter.com / Equipment Hub - Winder, GA Liquidation",,,
,JA000154,4.75,1.25,0.5,,0.8,Bar,Rectangular,Mystery,,,M1-B,Steel Chunks 1,2022-08-11,,"bidspotter.com / Equipment Hub - Winder, GA Liquidation",,,
,JA000150,3.625,1,0.5,,0.4,Bar,Rectangular,Mystery,,,M1-B,Steel Chunks 1,2022-08-11,,"bidspotter.com / Equipment Hub - Winder, GA Liquidation",,,
,JA000139,3.375,1,0.5,,0.4,Bar,Rectangular,Mystery,,,M1-B,Steel Chunks 1,2022-08-11,,"bidspotter.com / Equipment Hub - Winder, GA Liquidation",,,
,JA000133,4.5,1,0.5,,0.6,Bar,Rectangular,Mystery,,,M1-B,Steel Chunks 1,2022-08-11,,"bidspotter.com / Equipment Hub - Winder, GA Liquidation",,,
,JA000132,5,0.75,0.5,,0.4,Bar,Rectangular,Mystery,,,M1-B,Steel Chunks 1,2022-08-11,,"bidspotter.com / Equipment Hub - Winder, GA Liquidation",,,
,JA000131,4.625,1.25,0.5,,0.8,Bar,Rectangular,Mystery,,,M1-B,Steel Chunks 1,2022-08-11,,"bidspotter.com / Equipment Hub - Winder, GA Liquidation",,,
,JA000130,3.875,0.88,0.88,,0.3,Bar,Rectangular,Aluminum,,,M1-C,Aluminum 1,2022-08-11,,"bidspotter.com / Equipment Hub - Winder, GA Liquidation",,,
,JA000115,3.375,1.5,1.5,,2.2,Bar,Rectangular,Mystery,,,M1-B,Steel Chunks 2,2022-08-11,,"bidspotter.com / Equipment Hub - Winder, GA Liquidation",,,
,JA000116,3.375,2.5,0.5,,1.2,Bar,Rectangular,A108,,,M1-B,Steel Chunks 2,2022-08-11,,"bidspotter.com / Equipment Hub - Winder, GA Liquidation",McMaster 8910K956,McMaster-Carr,8910K956
,JA000117,3.75,2.5,0.5,,1.3,Bar,Rectangular,A108,,,M1-B,Steel Chunks 1,2022-08-11,,"bidspotter.com / Equipment Hub - Winder, GA Liquidation",McMaster 8910K956,McMaster-Carr,8910K956
,JA000118,12,0.5,,,0.7,Bar,Round,Mystery,,,M1-C,Precision,2022-08-11,,"bidspotter.com / Equipment Hub - Winder, GA Liquidation","12"" x 0.500 precision ground bar",,
,JA000119,12,0.625,,,1.2,Bar,Round,304 Stainless,,,M1-C,Precision,2022-08-11,,"bidspotter.com / Equipment Hub - Winder, GA Liquidation","McMaster 8934K33 Tight-tolerance 304 stainless 5/8"" x 12""",McMaster-Carr,8934K33
,JA000120,12,0.625,,,1.2,Bar,Round,304 Stainless,,,M1-C,Precision,2022-08-11,,"bidspotter.com / Equipment Hub - Winder, GA Liquidation","McMaster 8934K33 Tight-tolerance 304 stainless 5/8"" x 12""",McMaster-Carr,8934K33
,JA000206,16,2.25,1,,3.6,Bar,Rectangular,Aluminum,,,M1-C,Aluminum 1,2022-06-01,,Free from Decatur Makers,"Milled, drilled and tapped - piece for abandoned DM CNC",,
,JA000205,14,2,1,,2.9,Bar,Rectangular,Aluminum,,,M1-C,Aluminum 1,2022-06-01,,Free from Decatur Makers,"Milled, drilled and tapped - piece for abandoned DM CNC",,
,JA000189,8.75,2,2,0.375,3.6,Angle,Rectangular,A36,,,M1-B,Steel Angle 1,2022-04-13,,OnlineMetals proto box,,OnlineMetals,9926
,JA000186,13.75,1.5,1.5,0.125,1.4,Angle,Rectangular,Mystery,,,M1-B,Steel Angle 1,2022-04-13,,OnlineMetals proto box,,,
,JA000187,13.75,1.5,1.5,0.125,1.4,Angle,Rectangular,Mystery,,,M1-B,Steel Angle 1,2022-04-13,,OnlineMetals proto box,,,
,JA000188,11.75,2.5,2.5,0.1875,5.3,Tube,Square,A500,,,M1-A,Steel Tube 1,2022-04-13,,OnlineMetals proto box,,OnlineMetals,10354
,JA000204,12,0.625,,,1.1,Bar,Round,Brass 360-H02,,,M1-C,Brass 1,2022-04-13,,OnlineMetals,,OnlineMetals,1264
,JA000207,8.75,0.875,,0.12,0.8,Tube,Round,A513,,,M1-A,Steel Tube 1,2022-04-13,,OnlineMetals proto box,,OnlineMetals,7773
,JA000202,8.875,1.125,,,2.8,Bar,Round,Brass 360-H02,,,M1-C,Brass 1,2022-04-13,,OnlineMetals proto box,,OnlineMetals,7568
,JA000203,10.5,1.5625,,,6.2,Bar,Round,Brass 360-H02,,,M1-C,Brass 1,2022-04-13,,OnlineMetals proto box,,OnlineMetals,19728
,JA000201,11.5,0.625,,0.125,0.8,Tube,Round,Brass H58,,,M1-C,Brass 1,2022-04-13,,OnlineMetals proto box,,OnlineMetals,19814
,JA000200,12,1,,0.065,0.8,Tube,Round,Brass H58,,,M1-C,Brass 1,2022-04-13,,OnlineMetals proto box,,OnlineMetals,1558
,JA000197,7,1.375,,,1,Bar,Round,Aluminum,,,M1-C,Aluminum 1,2022-04-13,,OnlineMetals proto box,,,
,JA000199,10.5,1.375,,,1.5,Bar,Round,Aluminum,,,M1-C,Aluminum 1,2022-04-13,,OnlineMetals proto box,,,
No,JA000198,10.125,1.375,,,1.4,Bar,Round,Aluminum,,,M1-C,Aluminum 1,2022-04-13,,OnlineMetals proto box,Given to Eric Hile,,
,JA000196,12,0.625,,0.05,0.3,Tube,Round,Brass H58,,,M1-C,Brass 1,2022-04-13,,OnlineMetals proto box,,OnlineMetals,20990
,JA000192,9.75,0.75,0.5,,0.3,Bar,Square,Aluminum,,,M1-C,Aluminum 1,2022-04-13,,OnlineMetals proto box,,,
,JA000190,1.875,3,1.25,,0.7,Bar,Rectangular,Aluminum,,,M1-C,Aluminum 1,2022-04-13,,OnlineMetals proto box,,,
,JA000191,12,1.375,1.25,,2.1,Bar,Rectangular,Aluminum,,,M1-C,Aluminum 1,2022-04-13,,OnlineMetals proto box,,,
,JA000193,12.125,2.5,,0.065,0.4,Tube,Round,6061-T6,,,M1-C,Aluminum 1,2022-04-13,,OnlineMetals proto box,,OnlineMetals,23883
,JA000194,12,3,,0.125,1.1,Tube,Round,6061-T6,,,M1-C,Aluminum 1,2022-04-13,,OnlineMetals proto box,,OnlineMetals,4470
,JA000195,11.625,2,,0.5,7.9,Tube,Round,A513,,,M1-A,Steel Tube 1,2022-04-13,,OnlineMetals proto box,,OnlineMetals,9735
,JA000182,16,12,0.3875,,7.3,Plate,Rectangular,Aluminum,,,M1-A,,2022-06-01,,Free from Decatur Makers,Drilled and tapped all over,,
,JA000181,16,12,0.3875,,7.3,Plate,Rectangular,Aluminum,,,,,2022-06-01,,Free from Decatur Makers,Drilled and tapped all over,,
,JA000183,10.3125,0.24,,Thin,0,Tube,Round,Stainless Steel,,,M1-C,Precision,2022-04-11,,Electronic Goldmine,Small holes near each end,Electronic Goldmine,G16340
,JA000184,12,0.0625,,,0,Bar,Round,Stainless Steel,,2,M1-C,Precision,2022-06-13,,Amazon,,K&S Precision Metals,87131
,JA000185,12,0.0625,,,0,Bar,Round,Aluminum,,3,M1-C,Precision,2022-06-13,,Amazon,,K&S Precision Metals,83041
,JA000178,24,0.1875,,,0,Threaded Rod,Round,Zinc,#10-24,,T1-G,,,,,,,
,JA000179,22.4,0.25,,,0,Threaded Rod,Round,Zinc,1/4-20,,T1-G,,,,Home Depot,,Home Depot,671088
,JA000180,36,0.5,,,1.5,Threaded Rod,Round,Zinc,1/2-13,,T1-H,,,,Home Depot,,Home Depot,671258
,JA000208,16.25,0.75,,0.065,,Bar,Square,6063-T52,,2,M1-C,Aluminum 1,2021-06-07,,Online Metals,,OnlineMetals,1191
,JA000209,22.5,0.75,,0.065,,Bar,Square,6063-T52,,2,M1-C,Aluminum 1,2021-06-07,,Online Metals,Holes drilled both ends,OnlineMetals,1191
,JA000210,72,0.5,0.125,,,Bar,Rectangular,6061-T6511,,3,M1-B,,2021-06-07,,Online Metals,,OnlineMetals,20371
No,JA000211,53.5,0.5,0.125,,,Bar,Rectangular,6061-T6511,,,,,2021-06-07,,Online Metals,,OnlineMetals,20371
No,JA000211,48,0.5,0.125,,,Bar,Rectangular,6061-T6511,,,M1-B,,2021-06-07,,Online Metals,,OnlineMetals,20371
,JA000211,45.625,0.5,0.125,,,Bar,Rectangular,6061-T6511,,,M1-B,,2021-06-07,,Online Metals,,OnlineMetals,20371
No,JA000212,47.25,2,2,0.062,,Angle,Rectangular,6063-T52,,,,,2021-06-07,,Online Metals,,OnlineMetals,17858
,JA000212,28,2,2,0.062,,Angle,Rectangular,6063-T52,,,M1-C,Aluminum 1,2021-06-07,,Online Metals,,OnlineMetals,17858
No,JA000213,59.75,1.5,,0.065,,Tube,Round,EMT,,,,,,,Home Depot,,Nucor,0050787
No,JA000213,41,1.5,,0.065,,Tube,Round,EMT,,,M1-left,,,,Home Depot,,Nucor,0050787
,JA000214,60.125,1.5,,0.065,,Tube,Round,EMT,,,Bedroom closet,,,,Home Depot,,Nucor,0050787
,JA000215,24,1.125,,,2.3,Bar,Round,6061-T6511,,,M1-C,Aluminum 1,2022-05-07,,Online Metals,,OnlineMetals,1091
,JA000216,48,0.5,0.1875,,9.8,Bar,Rectangular,A36,,7,M1-left,,2022-02-06,,Online Metals,,OnlineMetals,10011
,JA000217,72,0.75,,0.065,,Bar,Square,6063-T52,,2,M1-right,,2021-06-11,,Online Metals,,OnlineMetals,1191
,JA000219,12,1,,,2.6,Bar,Round,12L14,,,M1-A,Steel Bar 1,2022-09-05,$9.42,Online Metals,Order 1008352069; have MTRs in projects directory,OnlineMetals,7591
,JA000218,12,2,,,10.7,Bar,Round,12L14,,,M1-A,Steel Bar 1,2022-09-05,$32.88,Online Metals,Order 1008352069; have MTRs in projects directory,OnlineMetals,7603
,JA000223,36,0.5,,,2,Bar,Round,12L14,,,M1-A,,2022-09-05,$7.45,Online Metals,Order 1008352069; have MTRs in projects directory,OnlineMetals,7583
No,JA000222,36,0.625,,,3.2,Bar,Round,12L14,,,,,2022-09-05,$11.62,Online Metals,Order 1008352069; have MTRs in projects directory,OnlineMetals,7585
,JA000222,32,0.625,,,2.8,Bar,Round,12L14,,,M1-A,,2022-09-05,$11.62,Online Metals,Order 1008352069; have MTRs in projects directory,OnlineMetals,7585
No,JA000221,36,0.75,,,4.5,Bar,Round,12L14,,,,,2022-09-05,$16.73,Online Metals,Order 1008352069; have MTRs in projects directory,OnlineMetals,7587
,JA000221,24,0.75,,,3,Bar,Round,12L14,,,M1-A,,2022-09-05,$16.73,Online Metals,Order 1008352069; have MTRs in projects directory,OnlineMetals,7587
,JA000226,36,1.25,,,12.5,Bar,Round,12L14,,,M1-left,,2022-09-19,$39.66,Online Metals,Order 1008506267; have MTRs in projects directory,OnlineMetals,7594
No,JA000227,36,0.625,0.625,,3.9,Bar,Square,12L14,,,,,2022-09-20,$43.76,McMaster,Order 7267987,McMaster,6547K52
,JA000227,32,0.625,0.625,,3.5,Bar,Square,12L14,,,M1-left,,2022-09-20,$43.76,McMaster,Order 7267987,McMaster,6547K52
No,JA000228,36,0.25,,,,Bar,Round,O1 Tool Steel,,,,,2022-09-01,$7.37,MSC Direct,Drill Rod; Order 223987554,MSC Direct,06000160
No,JA000228,29.25,0.25,,,,Bar,Round,O1 Tool Steel,,,M1-C,,2022-09-01,$7.37,MSC Direct,Drill Rod; Order 223987554,MSC Direct,06000160
,JA000228,26.2,0.25,,,,Bar,Round,O1 Tool Steel,,,M1-C,,2022-09-01,$7.37,MSC Direct,Drill Rod; Order 223987554,MSC Direct,06000160
,JA000229,24.125,1,,,5.4,Bar,Round,1018,,,M1-A,,2022-10-01,$33.20,Online Metals,Order 1008637926,OnlineMetals,4797
,JA000230,4.625,2.25,,,5.4,Bar,Round,T-304 Stainless,,,M1-B,Stainless 1,2022-10-01,,OnlineMetals proto box,proto box - Order 1008637926,OnlineMetals,106
,JA000231,11.875,1.5,,0.065,1,Tube,Round,T-304 Stainless,,,M1-B,Stainless 1,2022-10-01,,OnlineMetals proto box,proto box - Order 1008637926,OnlineMetals,14785
,JA000232,11.75,0.84,,0.11,0.8,Tube,Round,316L Sch. 40,,,M1-B,Stainless 1,2022-10-01,,OnlineMetals proto box,proto box - Order 1008637926,OnlineMetals,6861
,JA000233,11.875,0.75,,,1.4,Bar,Round,T-304 Stainless,,,M1-B,Stainless 1,2022-10-01,,OnlineMetals proto box,proto box - Order 1008637926,OnlineMetals,82
,JA000234,11.625,0.375,,0.049,0.1,Tube,Round,T-304 Stainless,,,M1-B,Stainless 1,2022-10-01,,OnlineMetals proto box,proto box - Order 1008637926,OnlineMetals,12918
,JA000235,11.625,1,0.375,,1.2,Bar,Rectangular,T-304 Annealed,,,M1-B,Stainless 1,2022-10-01,,OnlineMetals proto box,proto box - Order 1008637926,OnlineMetals,4421
,JA000236,12,0.75,0.125,,0.6,Angle,Rectangular,T-304 Stainless,,,M1-B,Stainless 1,2022-10-01,,OnlineMetals proto box,proto box - Order 1008637926,OnlineMetals,1
,JA000237,6,4,1,,6.9,Bar,Rectangular,T-304 Annealed,,,M1-B,Stainless 1,2022-10-01,,OnlineMetals proto box,proto box - Order 1008637926,OnlineMetals,4454
,JA000238,11.875,0.75,,0.065,0.4,Tube,Round,T-316 Stainless,,,M1-B,Stainless 1,2022-10-01,,OnlineMetals proto box,proto box - Order 1008637926,OnlineMetals,4238
,JA000239,12.125,1.5,0.1875,,1,Bar,Rectangular,T-316 Annealed,,,M1-B,Stainless 1,2022-10-01,,OnlineMetals proto box,proto box - Order 1008637926,OnlineMetals,652
,JA000240,11.375,1,0.185,,0.7,Bar,Rectangular,Stainless,,,M1-B,Stainless 1,2022-10-01,,OnlineMetals proto box,proto box - Order 1008637926,OnlineMetals,650???
,JA000241,13.375,0.75,0.5,,1.4,Bar,Rectangular,Stainless,,,M1-B,Stainless 1,2022-10-01,,OnlineMetals proto box,proto box - Order 1008637926,OnlineMetals,
,JA000242,11.875,2.5,0.125,,2.2,Angle,Rectangular,Brass C385-H02,,,M1-C,Brass 1,2022-10-01,,OnlineMetals proto box,proto box - Order 1008637926,OnlineMetals,18205
,JA000243,12,1,0.125,,0.9,Angle,Rectangular,Brass C385-H02,,,M1-C,Brass 1,2022-10-01,,OnlineMetals proto box,proto box - Order 1008637926,OnlineMetals,18195
,JA000244,10.675,1,0.125,,0.4,Bar,Rectangular,Brass,,,M1-C,Brass 1,2022-10-01,,OnlineMetals proto box,proto box - Order 1008637926,OnlineMetals,
,JA000245,11.75,1.5,0.25,,1.3,Bar,Rectangular,Brass,,,M1-C,Brass 1,2022-10-01,,OnlineMetals proto box,proto box - Order 1008637926,OnlineMetals,
,JA000246,11.875,1,1,0.062,0.9,Tube,Square,Brass C272,,,M1-C,Brass 1,2022-10-01,,OnlineMetals proto box,proto box - Order 1008637926,OnlineMetals,20844
,JA000247,11,0.625,0.125,,0.1,Bar,Rectangular,Brass 360-H02,,,M1-C,Brass 1,2022-10-01,,OnlineMetals proto box,proto box - Order 1008637926,OnlineMetals,1361
,JA000248,11.375,2,0.5,,3.5,Bar,Rectangular,Brass,,,M1-C,Brass 1,2022-10-01,,OnlineMetals proto box,proto box - Order 1008637926,OnlineMetals,
,JA000249,11.875,2,0.1875,,1.4,Bar,Rectangular,Brass 360-H02,,,M1-C,Brass 1,2022-10-01,,OnlineMetals proto box,proto box - Order 1008637926,OnlineMetals,1391
,JA000250,10.75,0.375,0.375,,0.4,Bar,Square,Brass,,,M1-C,Brass 1,2022-10-01,,OnlineMetals proto box,proto box - Order 1008637926,OnlineMetals,
,JA000251,9.75,0.625,0.625,,1.2,Bar,Square,Brass 360-H02,,,M1-C,Brass 1,2022-10-01,,OnlineMetals proto box,proto box - Order 1008637926,OnlineMetals,1343
,JA000252,11.5,0.5,,,0.8,Bar,Hex,Brass 360-H02,,,M1-C,Brass 1,2022-10-01,,OnlineMetals proto box,proto box - Order 1008637926,OnlineMetals,1312
,JA000253,10.75,1.25,,,4.4,Bar,Hex,Brass 360-H02,,,M1-C,Brass 1,2022-10-01,,OnlineMetals proto box,proto box - Order 1008637926,OnlineMetals,1322
,JA000254,11.875,1.125,,0.125,1.4,Tube,Round,Brass H58-330,,,M1-C,Brass 1,2022-10-01,,OnlineMetals proto box,proto box - Order 1008637926,OnlineMetals,23379
,JA000255,10.875,0.25,,,0.1,Bar,Round,Brass,,,M1-C,Brass 1,2022-10-01,,OnlineMetals proto box,proto box - Order 1008637926,OnlineMetals,
,JA000256,10.875,0.25,,,0.1,Bar,Round,Brass,,,M1-C,Brass 1,2022-10-01,,OnlineMetals proto box,proto box - Order 1008637926,OnlineMetals,
,JA000257,11,0.25,,,0.1,Bar,Round,Brass,,,M1-C,Brass 1,2022-10-01,,OnlineMetals proto box,proto box - Order 1008637926,OnlineMetals,
,JA000258,12,0.375,,0.03,0.1,Tube,Round,Brass H58,,,M1-C,Brass 1,2022-10-01,,OnlineMetals proto box,proto box - Order 1008637926,OnlineMetals,1545
,JA000259,11.675,0.5625,,,0.9,Bar,Round,Brass 360-H02,,,M1-C,Brass 1,2022-10-01,,OnlineMetals proto box,proto box - Order 1008637926,OnlineMetals,15240
,JA000260,11.75,0.75,,,1.5,Bar,Round,Brass C693,,,M1-C,Brass 1,2022-10-01,,OnlineMetals proto box,proto box - Order 1008637926,OnlineMetals,24879
,JA000261,7,7,1.0625,,11.1,Bar,R,Dura Bar Cast Iron,,,M1-A,,2023-01-30,$54.00,eBay,ordered to make new tool post base for DM Grizzly lathe,,
,JA000262,24,12,0.0625,,7.47,Sheet,Rectangular,Lead (99.9%),,,M1-C,,2023-03-30,,Amazon / RotoMetals.com,"99.9%+ Pure Lead; Meet FED Specifications ASTM B749-03 & QQ-L-201f; Cold rolled and have Â±1/8"" width and length tolerances",Amazon,
,JA000263,72,1,0.125,,14.4,Angle,Rectangular,A36 HRS,,3,M1-right,,2023-03-31,$33.09,OnlineMetals,Order 1011582767,OnlineMetals,9905
,JA000264,72,1,0.125,,7.74,Bar,Rectangular,A36 HRS,,3,M1-right,,2023-03-31,$21.24,OnlineMetals,Order 1011582767,OnlineMetals,9999
No,JA000265,36,0.0850,,,0.1,Bar,Round,O1 Tool Steel,,,,,2023-04-09,$4.38,McMaster,Invoice 95842757,McMaster,8893K128
,JA000265,35.5,0.0850,,,0.1,Bar,Round,O1 Tool Steel,,,M1-C,,2023-04-09,$4.38,McMaster,Invoice 95842757,McMaster,8893K128
,JA000266,18,0.5,0.1875,,0.5,Bar,Rectangular,O1 Tool Steel,,,M1-C,,2023-04-29,$18.70,OnlineMetals,Order 1012350601,OnlineMetals,7148
,JA000267,21.1,1.3,1.25,,,Bar,Rectangular,H11 Tool Steel,,,M2,,2024-05-15,,"Auction - Quality Aircraft Tooling, Marietta",,,
,JA000268,71.9,2,,,,Bar,Round,L6 Tool Steel,,,M2,,2024-05-15,,"Auction - Quality Aircraft Tooling, Marietta",,,
,JA000269,71.8,1.787,,,,Bar,Round,L6 Tool Steel,,,M2,,2024-05-15,,"Auction - Quality Aircraft Tooling, Marietta",,,
,JA000270,2.125,5,,,,Bar,Round,L6 Tool Steel,,,M1-A,,2024-05-15,,"Auction - Quality Aircraft Tooling, Marietta",,,
,JA000271,28.2,1.274,0.5,,,Bar,Rectangular,15-5 Stainless,,,M1-A,,2024-05-15,,"Auction - Quality Aircraft Tooling, Marietta",,,
,JA000272,16.7,2.2,0.52,,,Bar,Rectangular,Hasteloy,,,Steel Bar 1,,2024-05-15,,"Auction - Quality Aircraft Tooling, Marietta",,,
,JA000273,48.075,2.1,0.1275,,,Sheet,Rectangular,Inconel,,,M1-left,,2024-05-15,,"Auction - Quality Aircraft Tooling, Marietta",,,
,JA000274,36.6,1,1,,,Bar,Rectangular,Copper,,,M2,,2024-05-15,,"Auction - Quality Aircraft Tooling, Marietta",,,
No,JA000275,68,0.75,0.75,,,Bar,Square,Brass,,,M2,,2024-05-15,,"Auction - Quality Aircraft Tooling, Marietta",,,
,JA000275,60,0.75,0.75,,,Bar,Square,Brass,,,M2,,2024-05-15,,"Auction - Quality Aircraft Tooling, Marietta",,,
,JA000276,50.5,0.75,0.63,,,Bar,Rectangular,Naval Brass,,,M2,,2024-05-15,,"Auction - Quality Aircraft Tooling, Marietta",,,
,JA000277,72.7,0.997,0.5,,,Bar,Rectangular,Copper,,,M2,,2024-05-15,,"Auction - Quality Aircraft Tooling, Marietta",,,
,JA000278,11.45,0.75,,,,Bar,Hex,440 Stainless,,,Steel Bar 1,,2024-05-15,,"Auction - Quality Aircraft Tooling, Marietta",,,
,JA000279,28.8,1.626,,,,Bar,Round,Brass,,,M2,,2024-05-15,,"Auction - Quality Aircraft Tooling, Marietta",,,
,JA000280,26.25,1,,,,Bar,Round,15-5 Stainless,,,M2,,2024-05-15,,"Auction - Quality Aircraft Tooling, Marietta",,,
,JA000281,29.65,1,0.5,,,Bar,Rectangular,Copper,,,M2,,2024-05-15,,"Auction - Quality Aircraft Tooling, Marietta",,,
,JA000282,26.7,0.75,,,,Bar,Hex,Brass,,,M2,,2024-05-15,,"Auction - Quality Aircraft Tooling, Marietta",,,
,JA000283,57.6,0.75,,,,Bar,Hex,Brass,,,M2,,2024-05-15,,"Auction - Quality Aircraft Tooling, Marietta",,,
,JA000286,48,0.75,0.75,,,Bar,Square,Brass,,,M2,,2024-05-15,,"Auction - Quality Aircraft Tooling, Marietta",,,
,JA000284,55.4,1.5,0.375,,,Bar,Rectangular,Brass,,,M2,,2024-05-15,,"Auction - Quality Aircraft Tooling, Marietta",,,
,JA000285,53.5,0.75,0.75,,,Bar,Square,Copper,,,M2,,2024-05-15,,"Auction - Quality Aircraft Tooling, Marietta",,,
,JA000289,71.9,1.5,,0.54,,Tube,Round,Brass,,,M2,,2024-05-15,,"Auction - Quality Aircraft Tooling, Marietta",,,
,JA000291,35.2,1.5,,0.9,,Tube,Round,Brass,,,M2,,2024-05-15,,"Auction - Quality Aircraft Tooling, Marietta",,,
,JA000288,60,0.56,,,,Bar,Round,Copper,,,M2,,2024-05-15,,"Auction - Quality Aircraft Tooling, Marietta",,,
,JA000290,72,0.75,,0.075,,Tube,Round,Brass,,,M2,,2024-05-15,,"Auction - Quality Aircraft Tooling, Marietta",,,
,JA000287,45.9,2,0.5,,,Bar,Rectangular,Brass,,,M2,,2024-05-15,,"Auction - Quality Aircraft Tooling, Marietta",,,
,JA000292,72.1,1,,,,Bar,Round,440 Stainless,,,M2,,2024-05-15,,"Auction - Quality Aircraft Tooling, Marietta",,,
,JA000293,68.2,1.25,0.5,,,Bar,Rectangular,15-5 Stainless,,,M2,,2024-05-15,,"Auction - Quality Aircraft Tooling, Marietta",,,
,JA000294,68.3,1.25,0.5,,,Bar,Rectangular,15-5 Stainless,,,M2,,2024-05-15,,"Auction - Quality Aircraft Tooling, Marietta",,,
,JA000296,47.4,0.97,0.37,,,Bar,Rectangular,321 Stainless,,,M2,,2024-05-15,,"Auction - Quality Aircraft Tooling, Marietta",,,
,JA000295,69.75,0.75,0.5,,,Bar,Rectangular,410 Stainless,,,M2,,2024-05-15,,"Auction - Quality Aircraft Tooling, Marietta",,,
,JA000297,43.75,1,0.75,,,Bar,Rectangular,Copper,,,M2,,2024-05-15,,"Auction - Quality Aircraft Tooling, Marietta",,,
,JA000298,60.8,0.4,,0.98,,Tube,Round,C23000 red brass,,,M2,,2024-05-15,,"Auction - Quality Aircraft Tooling, Marietta","Wolverine-E ASTM B 43 Alloy C23000 Drawn 1/8"" SPS XS",,
,JA000299,72.1,0.5,,,,Bar,Round,321 Stainless,,,M2,,2024-05-15,,"Auction - Quality Aircraft Tooling, Marietta",,,
,JA000300,72.3,0.5,,,,Bar,Round,321 Stainless,,,M2,,2024-05-15,,"Auction - Quality Aircraft Tooling, Marietta",,,
,JA000304,50.55,0.625,,,,Bar,Round,321 Stainless,,,M2,,2024-05-15,,"Auction - Quality Aircraft Tooling, Marietta",,,
,JA000301,86.5,0.5,,,,Bar,Round,96% Nickel,,,M2,,2024-05-15,,"Auction - Quality Aircraft Tooling, Marietta",,,
,JA000302,72.6,1,0.25,,,Bar,Rectangular,RA330 Stainless,,,M2,,2024-05-15,,"Auction - Quality Aircraft Tooling, Marietta",,,
,JA000303,72.5,0.5,0.25,,,Bar,Rectangular,410 Stainless,,,M2,,2024-05-15,,"Auction - Quality Aircraft Tooling, Marietta",,,
,JA000306,72.5,0.376,,,,Bar,Round,321 Stainless,,,M2,,2024-05-15,,"Auction - Quality Aircraft Tooling, Marietta",,,
,JA000307,72.5,0.376,,,,Bar,Round,321 Stainless,,,M2,,2024-05-15,,"Auction - Quality Aircraft Tooling, Marietta",,,
,JA000305,72.5,0.376,,,,Bar,Round,321 Stainless,,,M2,,2024-05-15,,"Auction - Quality Aircraft Tooling, Marietta",,,
,JA000308,45,0.621,,,,Bar,Round,RA330 Stainless,,,M2,,2024-05-15,,"Auction - Quality Aircraft Tooling, Marietta",,,
,JA000309,45.5,0.75,0.5,,,Bar,Rectangular,410 Stainless,,,M2,,2024-05-15,,"Auction - Quality Aircraft Tooling, Marietta",,,
,JA000310,36.6,0.638,0.316,,,Bar,Rectangular,Bronze??,,,M2,,2024-05-15,,"Auction - Quality Aircraft Tooling, Marietta",Unknown; maybe bronze? Bandsaw cut,,
,JA000311,41.3,0.25,,,,Bar,Round,Bronze??,,,M2,,2024-05-15,,"Auction - Quality Aircraft Tooling, Marietta",Unknown; maybe bronze?,,
,JA000312,36.2,0.5,0.25,,,Bar,Rectangular,410 Stainless,,,M2,,2024-05-15,,"Auction - Quality Aircraft Tooling, Marietta",,,
,JA000313,20,12,0.125,,,Plate,Rectangular,Brass,,,M1-C,,2024-05-15,,"Auction - Quality Aircraft Tooling, Marietta",,,
,JA000314,24.9,2,0.025,,,Sheet,Rectangular,Copper,,,M1-C,,2024-05-15,,"Auction - Quality Aircraft Tooling, Marietta",,,
,JA000315,56.5,0.75,0.125,,,Bar,Rectangular,Copper,,,M2,,2024-05-15,,"Auction - Quality Aircraft Tooling, Marietta",Rather bent at one end,,
,JA000316,47.4,0.75,0.375,,,Bar,Rectangular,Brass,,,M2,,2024-05-15,,"Auction - Quality Aircraft Tooling, Marietta",,,
,JA000317,48.9,0.5,0.25,,,Bar,Rectangular,Brass,,,M2,,2024-05-15,,"Auction - Quality Aircraft Tooling, Marietta",,,
,N/A,72,0.187,,,,Bar,Round,Copper,,,M2,,2024-05-15,,"Auction - Quality Aircraft Tooling, Marietta",,,
,N/A,72,0.187,,,,Bar,Round,Copper,,,M2,,2024-05-15,,"Auction - Quality Aircraft Tooling, Marietta",,,
,N/A,72,0.187,,,,Bar,Round,Copper,,,M2,,2024-05-15,,"Auction - Quality Aircraft Tooling, Marietta",,,
,N/A,72,0.187,,,,Bar,Round,Copper,,,M2,,2024-05-15,,"Auction - Quality Aircraft Tooling, Marietta",,,
,N/A,72,0.187,,,,Bar,Round,Copper,,,M2,,2024-05-15,,"Auction - Quality Aircraft Tooling, Marietta",,,
,N/A,72,0.187,,,,Bar,Round,Copper,,,M2,,2024-05-15,,"Auction - Quality Aircraft Tooling, Marietta",,,
,N/A,72,0.187,,,,Bar,Round,Copper,,,M2,,2024-05-15,,"Auction - Quality Aircraft Tooling, Marietta",,,
,N/A,69.7,0.187,,,,Bar,Round,Copper,,,M2,,2024-05-15,,"Auction - Quality Aircraft Tooling, Marietta",,,
,N/A,59.6,0.187,,,,Bar,Round,Copper,,,M2,,2024-05-15,,"Auction - Quality Aircraft Tooling, Marietta",,,
,N/A,59.3,0.187,,,,Bar,Round,Copper,,,M2,,2024-05-15,,"Auction - Quality Aircraft Tooling, Marietta",,,
,JA000318,77,0.375,0.375,,,Bar,Square,Copper,,,M2,,2024-05-15,,"Auction - Quality Aircraft Tooling, Marietta",,,
,JA000319,71.8,0.5,0.25,,,Bar,Rectangular,Brass,,,M2,,2024-05-15,,"Auction - Quality Aircraft Tooling, Marietta",,,
,JA000320,72,0.56,,,,Bar,Round,Copper,,,M2,,2024-05-15,,"Auction - Quality Aircraft Tooling, Marietta",,,
,JA000321,38.2,0.75,0.065,,,Bar,Rectangular,Brass,,,M2,,2024-05-15,,"Auction - Quality Aircraft Tooling, Marietta",,,
,JA000322,41.75,1,0.125,,,Bar,Rectangular,Brass,,,M2,,2024-05-15,,"Auction - Quality Aircraft Tooling, Marietta",,,
,JA000323,57,0.125,,,,Bar,Round,Brass,,,M2,,2024-05-15,,"Auction - Quality Aircraft Tooling, Marietta",,,
,N/A,85,0.25,,,,Bar,Round,Brass,,,M2,,2024-05-15,,"Auction - Quality Aircraft Tooling, Marietta",,,
,N/A,85,0.25,,,,Bar,Round,Brass,,,M2,,2024-05-15,,"Auction - Quality Aircraft Tooling, Marietta",,,
,N/A,72,0.25,,,,Bar,Round,Brass,,,M2,,2024-05-15,,"Auction - Quality Aircraft Tooling, Marietta",,,
,N/A,72,0.25,,,,Bar,Round,Brass,,,M2,,2024-05-15,,"Auction - Quality Aircraft Tooling, Marietta",,,
,N/A,72,0.25,,,,Bar,Round,Brass,,,M2,,2024-05-15,,"Auction - Quality Aircraft Tooling, Marietta",,,
,JA000324,53.2,0.25,,,,Bar,Round,Brass,,,M2,,2024-05-15,,"Auction - Quality Aircraft Tooling, Marietta",,,
,JA000325,64.9,0.25,,0.0325,,Tube,Round,Copper,,,M2,,2024-05-15,,"Auction - Quality Aircraft Tooling, Marietta",,,
,JA000326,72,0.25,,0.0325,,Tube,Round,Copper,,,M2,,2024-05-15,,"Auction - Quality Aircraft Tooling, Marietta",,,
,JA000327,64.8,0.375,,0.065,,Tube,Round,Brass,,,M2,,2024-05-15,,"Auction - Quality Aircraft Tooling, Marietta",,,
,JA000328,61.3,0.4,,0.098,,Tube,Round,C23000 red brass,,,M2,,2024-05-15,,"Auction - Quality Aircraft Tooling, Marietta","Wolverine-E ASTM B 43 Alloy C23000 Drawn 1/8"" SPS XS",,
,JA000329,72,0.4,,0.098,,Tube,Round,C23000 red brass,,,M2,,2024-05-15,,"Auction - Quality Aircraft Tooling, Marietta","Wolverine-E ASTM B 43 Alloy C23000 Drawn 1/8"" SPS XS",,
,JA000330,72,0.4,,0.098,,Tube,Round,C23000 red brass,,,M2,,2024-05-15,,"Auction - Quality Aircraft Tooling, Marietta","Wolverine-E ASTM B 43 Alloy C23000 Drawn 1/8"" SPS XS",,
,JA000331,72,0.4,,0.098,,Tube,Round,C23000 red brass,,,M2,,2024-05-15,,"Auction - Quality Aircraft Tooling, Marietta","Wolverine-E ASTM B 43 Alloy C23000 Drawn 1/8"" SPS XS",,
,JA000332,72,0.4,,0.098,,Tube,Round,C23000 red brass,,,M2,,2024-05-15,,"Auction - Quality Aircraft Tooling, Marietta","Wolverine-E ASTM B 43 Alloy C23000 Drawn 1/8"" SPS XS",,
,JA000333,72,0.315,,0.0375,,Tube,Round,Copper,,,M2,,2024-05-15,,"Auction - Quality Aircraft Tooling, Marietta",,,
,JA000334,30,1.115,0.838,,,Bar,Rectangular,L6 Tool Steel,,,M2,,,,,,,
,JA000341,23.1,12,0.025,,,Sheet,Rectangular,Brass,,,M1-C,,,,,,,
,JA000342,17.35,12,0.063,,,Sheet,Rectangular,353 Brass,,,M1-C,,,,,https://www.mcmaster.com/8948K42,McMaster,https://www.mcmaster.com/8948K42
,JA000340,10.5,8.25,0.02,,,Sheet,Rectangular,Brass,,,M1-C,,,,,Numerous chunks cut out of sheet,,
,JA000335,18.8,7.75,0.03,,,Sheet,Rectangular,Beryllium Copper TPE3,,,M1-C,,,,,,,
,JA000336,12,10.7,0.0325,,,Sheet,Rectangular,Copper,,,M1-C,,,,,,,
,JA000338,10.4,8.4,0.188,,,Plate,Rectangular,Copper,,,M1-C,,,,,,,
,JA000339,16.8,12,0.032,,,Sheet,Rectangular,Copper,,,M1-C,,,,,,,
,JA000337,20.7,11.85,0.025,,,Sheet,Rectangular,C10100 Copper,,,M1-C,,,,,,,101SHT0025F
,JA000343,43.4,,,,,Threaded Rod,Round,Steel,1/4-20,,T1-H,,2024-05-15,,"Auction - Quality Aircraft Tooling, Marietta",,,
,JA000344,12,0.125,,,,Bar,Round,Stainless,,,M1-C,,,,,,K&S Precision,87135
,JA000345,10.4,0.125,,,,Bar,Round,Stainless,,,M1-C,,,,,,K&S Precision,87135
No,JA000347,29.6,0.11,,,,Bar,Round,Tool Steel RC 35-40,,,M1-C,,,,,,,
,JA000347,16.8,0.11,,,,Bar,Round,Tool Steel RC 35-40,,,M1-C,,,,,,,
,JA000346,36.1,0.11,,,,Bar,Round,Tool Steel RC 35-40,,,M1-C,,,,,,,
,JA000348,25.25,2.5,0.375,,6.6,Bar,Rectangular,Mystery,,,M1-A,,2022-08-11,,"bidspotter.com / Equipment Hub - Winder, GA Liquidation",,,
,JA000349,6.35,0.5,0.25,,,Bar,Rectangular,4140 Steel,,,M1-B,Steel Chunks 2,,,,,,
No,JA000350,20,0.5,0.0625,,,Bar,Rectangular,Aluminum,,,M1-B,,,,,Half hole in one end,,
,JA000350,20,0.5,0.0625,,,Bar,Rectangular,Aluminum,,,M1-B,,,,,Half hole in one end,,
,JA000351,25,0.5,,0.065,,Tube,Round,Aluminum,,,M1-B,,,,,"90-degree bend towards one end, after measured length",,
,JA000354,48,0.125,,,,Bar,Round,CRS,,,M1-C,,,,,,Hillman,31400
,JA000353,35.6,0.125,,,,Bar,Round,CRS,,,M1-C,,,,,,Hillman,31400
,JA000352,31,0.25,,,,Bar,Round,CRS,,,M1-C,,,,,,,
,JA000355,4.25,0.625,,,,Bar,Hex,Brass,,,M1-C,Brass 1,,,,"Hole bored in one end about 1"" deep",,
,JA000356,7,1.5,0.625,,,Bar,Rectangular,Brass,,,M1-C,Brass 1,,,,,,
,JA000357,15.7,1,,,,Bar,Hex,321 Stainless,,,M1-B,Stainless 1,,,,,,
,JA000358,11.4,1.25,,,,Bar,Round,410 Stainless,,,M1-B,Stainless 1,,,,,,
,JA000359,12.2,1.25,,,,Bar,Round,300M Alloy Steel,,,M1-A,Steel Bar 1,,,,,,
,JA000360,0.886,3.75,,0.625,,Bar,Round,Brass,,,M1-C,Brass 1,,,,"Round bored out to 2.5"" ID with multiple steps; dims are minimum usable chunk",,
,JA000361,4.4,3,3,,,Bar,Rectangular,Brass,,,M1-A,,,,,,,
,JA000362,1.55,0.998,,,,Bar,Round,Bronze??,,,M1-C,Brass 1,,,,"Steps turned on OD; bored out ~0.3625""",,
,JA000363,2,1.5,,,,Bar,Round,Brass,,,M1-C,Brass 1,,,,step turned on end,,
,JA000364,1.078,1.879,,0.298,,Bar,Round,Brass,,,M1-C,Brass 1,,,,bored out bar; larger step on top OD,,
,JA000365,3.3,2.75,0.8675,,,Bar,Rectangular,321 Stainless,,,M1-B,Stainless 1,,,,,,
,JA000366,1.927,1.5,,,,Bar,Round,Copper,,,M2,,,,,Extra bit at end bored out,,
,JA000367,10,0.3755,,,,Bar,Round,Brass,,,M1-C,Brass 1,,,,,,
,JA000368,8.1,2,0.625,,,Bar,Rectangular,Brass,,,M1-C,Brass 1,,,,,,
,JA000369,8.9,0.19,,0.067,,Tube,Round,A269 Stainless,,,M1-B,Stainless 1,,,,,,
,JA000371,2.2,1.912,,,,Bar,Round,A-2,,,M1-B,Steel Chunks 2,,,,,,
,JA000370,1.9,3.96,,,,Bar,Round,Mystery Steel,,,M1-A,,,,,"Large chamfer on one end, small center hole on other side",,
,JA000372,11.5,1.867,1.771,,,Bar,Rectangular,CRS,,,M1-A,Steel Bar 1,,,,,,
,JA000373,35,4,0.375,,,Bar,Rectangular,15-5 Stainless,,,M2,Stainless,,,,,,
,JA000374,31,1.5,1,,,Bar,Rectangular,Brass,,,M2,Brass,,,,,,
,JA000375,24.1,1.5,0.375,,,Bar,Rectangular,Brass,,,M2,Brass,,,,,,
,JA000376,27.8,0.507,,,,Bar,Round,Vasco Max 350,,,M2,Tool Steel,,,,,,
,JA000377,19.6,0.5,,,,Bar,Round,321 Stainless,,,M2,Stainless,,,,,,
,JA000378,19.6,2,0.5,,,Bar,Rectangular,Brass,,,M2,Brass,,,,,,
,JA000379,21,0.75,0.375,,,Bar,Rectangular,Brass,,,M2,Brass,,,,,,
,JA000380,11.9,0.75,,,,Bar,Round,Brass,,,M1-C,Brass 1,,,,,,
,JA000381,18.5,0.75,,,,Bar,Round,15-5 Stainless,,,M2,Stainless,,,,,,
,JA000382,28.7,0.313,,,,Bar,Round,15-5 Stainless,,,M2,Stainless,,,,,,
,JA000383,29.6,0.5,,,,Bar,Round,321 Stainless,,,M2,Stainless,,,,,,
,JA000384,34.7,0.75,,,,Bar,Round,321 Stainless,,,M2,Stainless,,,,,,
,JA000385,30.2,0.5,,,,Bar,Round,Copper,,,M2,Copper,,,,Shallow hole drilled in one end,,
,JA000386,23.9,1.5,0.375,,,Bar,Rectangular,321 Stainless,,,M2,Stainless,,,,,,
,JA000387,37.6,2,0.125,,,Bar,Rectangular,Brass,,,M2,Brass,,,,,,
,JA000388,44.9,2,0.125,,,Bar,Rectangular,Brass,,,M2,Brass,,,,,,
,JA000389,39.3,1,0.25,,,Bar,Rectangular,Copper,,,M2,Copper,,,,,,
,JA000390,31.8,0.75,0.125,,,Bar,Rectangular,Copper,,,M2,Copper,,,,,,
,JA000391,28,0.436,,,,Bar,Round,321 Stainless,,,M2,Stainless,,,,,,
,JA000392,26,0.436,,,,Bar,Round,321 Stainless,,,M2,Stainless,,,,,,
,JA000393,12.2,0.75,,,,Bar,Round,Brass,,,M1-C,Brass 1,,,,,,
,JA000394,11.2,0.436,,,,Bar,Round,321 Stainless,,,M1-B,Stainless 1,,,,,,
,JA000395,12.5,0.375,,,,Bar,Round,CRS,,,M1-A,Steel Bar 1,,,,,,
No,JA000396,32.2,0.125,,,,Bar,Round,Mystery Steel,,,M1-C,,,,,,,
No,JA000396,18.3,0.125,,,,Bar,Round,Mystery Steel,,,M1-C,,,,,End bent into a short hook,,
,JA000396,11.25,0.125,,,,Bar,Round,Mystery Steel,,,M1-C,,,,,End bent into a short hook,,
,JA000397,24.65,0.25,,,,Bar,Round,321 Stainless,,,M2,Stainless,,,,,,
,JA000398,45.5,,,,,Bar,Round,B7 Steel,1-1/8-8,,T1-I,,2024-05-15,,"Auction - Quality Aircraft Tooling, Marietta",,,
,JA000399,47,,,,,Bar,Round,B7 Steel,7/8-9,,T1-I,,2024-05-15,,"Auction - Quality Aircraft Tooling, Marietta",,,
,JA000400,58.9,,,,,Bar,Round,Steel,1-14,,T1-I,,2024-05-15,,"Auction - Quality Aircraft Tooling, Marietta",,,
,JA000401,72,,,,,Bar,Round,Steel,5/8-11,,T1-J,,2024-05-15,,"Auction - Quality Aircraft Tooling, Marietta",,,
,JA000402,72,,,,,Bar,Round,Steel,5/8-11,,T1-J,,2024-05-15,,"Auction - Quality Aircraft Tooling, Marietta",,,
,JA000403,72,,,,,Bar,Round,Steel,5/8-11,,T1-J,,2024-05-15,,"Auction - Quality Aircraft Tooling, Marietta",,,
,JA000404,6.3,9,1,,,Bar,Rectangular,HRS,,,M1-B,,,,,"Two 1/4-20 holes tapped; ~0.625"" hole drilled near one long edge; stamped ""16.15 LBS.""",,
,JA000405,36,,,,,Bar,Round,Steel,3/8-16,,T1-H,,2024-05-15,,"Auction - Quality Aircraft Tooling, Marietta",,,
,JA000406,37,,,,,Bar,Round,Steel,7/16-14,,T1-H,,2024-05-15,,"Auction - Quality Aircraft Tooling, Marietta",,,
,JA000407,37.8,,,,,Bar,Round,Stainless?,5/8-11 / 3/4-10,,T1-C,,2024-05-15,,"Auction - Quality Aircraft Tooling, Marietta","NMTB 40 Drawbar? 37.8"" overall; top has a square and then 1"" of ~0.609"" OD 11 TPI, 7"" of smooth 0.625"" OD, 27.1"" of 0.745"" OD 10 TPI (3/4-10 ?), 1"" of smooth 0.625"" OD, and finally 1"" of 5/8-11",,
,JA000408,16.7,,,,,Bar,Round,Steel,M10-1.5,,T1-F,,2024-05-15,,"Auction - Quality Aircraft Tooling, Marietta",,,
,JA000409,60,,,,,Bar,Round,Steel,1/4-20,,T1-L,,2024-05-15,,"Auction - Quality Aircraft Tooling, Marietta",,,
,JA000410,27.3,,,,,Bar,Round,Aluminum,1/2-20,,T1-G,,2024-05-15,,"Auction - Quality Aircraft Tooling, Marietta",,,
,JA000411,20.8,,,,,Bar,Round,Stainless,1/4-28,,T1-G,,2024-05-15,,"Auction - Quality Aircraft Tooling, Marietta",,,
,JA000412,33.8,,,,,Bar,Round,Steel,1/4-20,,T1-H,,2024-05-15,,"Auction - Quality Aircraft Tooling, Marietta",,,
,JA000413,16.4,,,,,Bar,Round,Stainless?,3/8-16,,T1-F,,2024-05-15,,"Auction - Quality Aircraft Tooling, Marietta",,,
,JA000414,15.6,,,,,Bar,Round,B7 Steel,3/4-10,,T1-F,,2024-05-15,,"Auction - Quality Aircraft Tooling, Marietta",,,
,JA000415,35,,,,,Bar,Round,Stainless?,1/4-20,,T1-H,,2024-05-15,,"Auction - Quality Aircraft Tooling, Marietta",,,
,JA000416,33.2,,,,,Bar,Round,Stainless,5/16-18,,T1-H,,2024-05-15,,"Auction - Quality Aircraft Tooling, Marietta",,,
,JA000417,16,,,,,Bar,Round,RDS Steel,5/16-18,,T1-F,,2024-05-15,,"Auction - Quality Aircraft Tooling, Marietta",Blackened steel?,,
,JA000418,33,,,,,Bar,Round,Steel,3/4-10,,T1-C,,2024-05-15,,"Auction - Quality Aircraft Tooling, Marietta",,,
,JA000419,18.5,,,,,Bar,Round,Steel,1/2-20,,T1-G,,2024-05-15,,"Auction - Quality Aircraft Tooling, Marietta","1.25"" nut pinned near one end; blackened steel",,
,JA000420,25.7,,,,,Bar,Round,Steel,1/2-20,,T1-G,,2024-05-15,,"Auction - Quality Aircraft Tooling, Marietta",ETD 4140?,,
,JA000421,18.5,,,,,Bar,Round,Steel,1/2-20,,T1-G,,2024-05-15,,"Auction - Quality Aircraft Tooling, Marietta","1.25"" nut pinned near one end; blackened steel",,
,JA000422,22.4,,,,,Bar,Round,Stainless,M12-1.75,,T1-G,,2024-05-15,,"Auction - Quality Aircraft Tooling, Marietta",,,
,JA000423,16.2,,,,,Bar,Round,Steel,3/8-16,,T1-F,,2024-05-15,,"Auction - Quality Aircraft Tooling, Marietta",Turned down last inch or so on one end,,
,JA000424,43.4,,,,,Bar,Round,Steel,5/16-18,,T1-G,,2024-05-15,,"Auction - Quality Aircraft Tooling, Marietta",,,
,JA000425,56,,,,,Bar,Round,Steel,1/2-20,,T1-J,,2024-05-15,,"Auction - Quality Aircraft Tooling, Marietta",,,
,JA000426,45.8,,,,,Bar,Round,Steel,7/8-9 LH,,T1-C,,2024-05-15,,"Auction - Quality Aircraft Tooling, Marietta",,,
,JA000427,51.7,,,,,Bar,Round,Steel,5/16-24,,T1-G,,2024-05-15,,"Auction - Quality Aircraft Tooling, Marietta",,,
,JA000436,36,0.375,,,,Bar,Round,O1 Tool Steel,,,M1-C,,2025-08-21,$36.11,Online Metals,"3/8"" Tool Steel Drill Rod O1 Precision Ground",Online Metals,4634
,JA000428,51.3,,,,,Bar,Round,Stainless,5/16-24,,T1-L,,2024-05-15,,"Auction - Quality Aircraft Tooling, Marietta",,,
,JA000435,50.6,,,,,Bar,Round,Steel,5/8-5 Acme,,T1-K,,2024-05-15,,"Auction - Quality Aircraft Tooling, Marietta",,,
,JA000434,48.2,,,,,Bar,Round,Steel,5/8-5 Acme,,T1-K,,2024-05-15,,"Auction - Quality Aircraft Tooling, Marietta",Unfinished thread,,
,JA000433,51.3,,,,,Bar,Round,Steel,1 1/8-7 LH,,T1-I,,2024-05-15,,"Auction - Quality Aircraft Tooling, Marietta",,,
,JA000432,52,,,,,Bar,Round,Steel,5/8-8 Acme,,T1-K,,2024-05-15,,"Auction - Quality Aircraft Tooling, Marietta",,,
,JA000431,58,,,,,Bar,Round,Steel,5/8-8 Acme,,T1-K,,2024-05-15,,"Auction - Quality Aircraft Tooling, Marietta",,,
,JA000429,40,,,,,Bar,Round,Steel,1 1/4-5 LH Acme,,T1-E,,2024-05-15,,"Auction - Quality Aircraft Tooling, Marietta",,,
,JA000430,39.1,,,,,Bar,Round,Steel,1-5 Acme,,T1-E,,2024-05-15,,"Auction - Quality Aircraft Tooling, Marietta",,,
,JA000437,39.5,,,,,Bar,Round,Steel,1 1/2-6,,T1-C,,2024-05-15,,"Auction - Quality Aircraft Tooling, Marietta",,,
,JA000438,21.6,,,,,Bar,Round,Steel,1 1/2-6,,T1-D,,2024-05-15,,"Auction - Quality Aircraft Tooling, Marietta",,,
,JA000439,39.3,,,,,Bar,Round,Steel,1-14 LH,,T1-C,,2024-05-15,,"Auction - Quality Aircraft Tooling, Marietta",,,
,JA000440,34.8,,,,,Bar,Round,Steel,1-8,,T1-C,,2024-05-15,,"Auction - Quality Aircraft Tooling, Marietta",,,
,JA000441,25.7,,,,,Bar,Round,Stainless non-magnetic,1-5 Acme,,T1-E,,2024-05-15,,"Auction - Quality Aircraft Tooling, Marietta",,,
,JA000442,36,,,,,Bar,Round,Steel,1-8 Acme,,T1-E,,2024-05-15,,"Auction - Quality Aircraft Tooling, Marietta",,,
,JA000443,36.8,,,,,Bar,Round,Steel,3/4-5 Acme,,T1-E,,2024-05-15,,"Auction - Quality Aircraft Tooling, Marietta",,,
,JA000444,33,,,,,Bar,Round,Steel,3/4-10,,T1-G,,2024-05-15,,"Auction - Quality Aircraft Tooling, Marietta",,,
,JA000445,14.5,,,,,Bar,Round,Steel,16x3 Trapezoidal,,T1-D,,2024-05-15,,"Auction - Quality Aircraft Tooling, Marietta","Last 1.5"" one end turned down and threaded M10-1.5",,
,JA000446,20,,,,,Bar,Round,Steel,5/8-8 Acme,,T1-D,,2024-05-15,,"Auction - Quality Aircraft Tooling, Marietta","Last 1.7"" turned down to point",,
,JA000447,24.1,,,,,Bar,Round,Steel,3/4-6 Acme,,T1-D,,2024-05-15,,"Auction - Quality Aircraft Tooling, Marietta",,,
,JA000448,23.4,,,,,Bar,Round,Steel,3/4-6 Acme,,T1-D,,2024-05-15,,"Auction - Quality Aircraft Tooling, Marietta",,,
,JA000449,16.3,,,,,Bar,Round,Steel,3/4-6 Acme,,T1-D,,2024-05-15,,"Auction - Quality Aircraft Tooling, Marietta",,,
,JA000450,23.4,,,,,Bar,Round,Steel,3/4-6 Acme,,T1-D,,2024-05-15,,"Auction - Quality Aircraft Tooling, Marietta",,,
,JA000451,27.5,,,,,Bar,Round,Steel,1-5 Acme,,T1-D,,2024-05-15,,"Auction - Quality Aircraft Tooling, Marietta",,,
,JA000452,23.3,,,,,Bar,Round,Steel,3/4-6 Acme,,T1-D,,2024-05-15,,"Auction - Quality Aircraft Tooling, Marietta",,,
,JA000453,32,,,,,Bar,Round,Steel,3/4-6 Acme,,T1-E,,2024-05-15,,"Auction - Quality Aircraft Tooling, Marietta",,,
,JA000454,30.5,,,,,Bar,Round,Steel,5/8-5 Acme,,T1-E,,2024-05-15,,"Auction - Quality Aircraft Tooling, Marietta",Unfinished thread,,
,JA000455,24,,,,,Bar,Round,Steel,3/4-6 Acme,,T1-D,,2024-05-15,,"Auction - Quality Aircraft Tooling, Marietta",,,
,JA000456,22.3,,,,,Bar,Round,Steel,3/4-6 Acme,,T1-D,,2024-05-15,,"Auction - Quality Aircraft Tooling, Marietta","Last 2.5"" turned down with cross-hole",,
,JA000457,25,,,,,Bar,Round,Stainless??,5/8-10 Acme,,T1-E,,2024-05-15,,"Auction - Quality Aircraft Tooling, Marietta","Non-magnetic, very shiny. Maybe high chromium stainless?",,
,JA000458,32.7,,,,,Bar,Round,Steel,1-7 or 1 1/8-7,,T1-C,,2024-05-15,,"Auction - Quality Aircraft Tooling, Marietta","Threads either over or under size; 2"" boss on one end and 4.5"" boss with cross-hole on other",,
,JA000459,32.7,,,,,Bar,Round,Steel,1-8,,T1-C,,2024-05-15,,"Auction - Quality Aircraft Tooling, Marietta","Threads damaged in some places; drawbar, turned down 2.2"" on one end and 4.7"" plus cross-hole on other",,
,JA000460,17.7,,,,,Bar,Round,Steel,7/8-14,,T1-F,,2024-05-15,,"Auction - Quality Aircraft Tooling, Marietta",,,
,JA000461,18,,,,,Bar,Round,Steel,7/8-14,,T1-F,,2024-05-15,,"Auction - Quality Aircraft Tooling, Marietta",,,
,JA000462,20.1,,,,,Bar,Round,Steel,1 1/8-8,,T1-F,,2024-05-15,,"Auction - Quality Aircraft Tooling, Marietta",7/8 hex on one end,,
,JA000463,19.5,,,,,Bar,Round,Steel,1 1/2-12,,T1-A,,2024-05-15,,"Auction - Quality Aircraft Tooling, Marietta",,,
,JA000464,18.5,,,,,Bar,Round,Steel,1 1/4-7,,T1-A,,2024-05-15,,"Auction - Quality Aircraft Tooling, Marietta",,,